sepal_length,sepal_width,petal_length,petal_width,species
-0.95870624,1.10282193,-1.22210391,-1.10096377,setosa
-1.34218873,0.18380366,-1.22210391,-1.10096377,setosa
1.15044748,0.91901828,1.05157778,1.37620471,virginica
0.57522374,0.18380366,0.88105166,0.78640269,virginica
0.76696499,-1.28662559,0.25578919,-0.15728054,versicolor
-0.19174125,-1.10282193,0.25578919,0.19660067,versicolor
